File Name,Canonical URL
../index.html?p=1713,https://www.uniscrow.com/stablecoin-use-cases-from-safe-haven-to-efficient-international-payments/
../index.html?p=1510,https://www.uniscrow.com/smart-contracts-as-a-solution-to-protect-b2b-transactions-casa-sanremo-invest-interview/
../index.html?p=566,https://www.uniscrow.com/whats-an-alternative-dispute-resolution-adr/
../index.html,https://www.uniscrow.com/
../index.html?p=1438,https://www.uniscrow.com/the-cost-of-litigation-in-b2b/
../index.html?p=1023,https://www.uniscrow.com/home/connect-your-website-with-uniscrow-tools/
../index.html?p=1687,https://www.uniscrow.com/why-use-an-escrow-account-the-benefits-and-safety-measures-explained/
../index.html?p=1680,https://www.uniscrow.com/understanding-escrow-the-ultimate-guide-to-secure-transactions-with-escrow-services/
../index.html?p=586,https://www.uniscrow.com/distributed-autonomous-organizations-dao￼/
../index.html?p=1618,https://www.uniscrow.com/mitigating-fraud-risks-with-kyc-and-blockchain-the-importance-of-escrow-in-high-risk-countries/
../index.html?p=1505,https://www.uniscrow.com/frauds-and-bad-partnerships-are-affecting-the-growth-of-b2b-take-action-now/
../index.html?p=1595,https://www.uniscrow.com/navigating-smart-contracts-their-role-in-escrow-services-and-dispute-resolution/
../index.html?p=1559,https://www.uniscrow.com/uniscrows-smart-contract-passes-rigorous-security-audit-ensuring-safe-and-secure-escrow-transactions/
../index.html?p=1582,https://www.uniscrow.com/escrow-services-and-blockchain-enhancing-fraud-protection-and-reducing-scams/
../index.html?p=282,https://www.uniscrow.com/contact/
../index.html?p=679,https://www.uniscrow.com/uniscrow-privacy-policy/
../index.html?p=480,https://www.uniscrow.com/whats-an-escrow-and-why-it-is-important-for-payments/
../index.html?p=1380,https://www.uniscrow.com/terms-of-service/
../index.html?p=1389,https://www.uniscrow.com/alternative-dispute-resolution-in-uniscrow/
../index.html?p=1515,https://www.uniscrow.com/media/
../index.html?p=1057,https://www.uniscrow.com/uniscrow-listed-in-the-italian-registry-of-virtual-assets-service-providers/
../index.html?p=1419,https://www.uniscrow.com/financial-intermediares-should-segregate-customer-funds/
../index.html?p=576,https://www.uniscrow.com/escrow-services-for-online-business-deals/
../index.html?p=1624,https://www.uniscrow.com/key-industrial-sectors-where-escrow-is-most-crucial-a-deep-dive-into-blockchain-solutions/
../index.html?p=1081,https://www.uniscrow.com/blockchain-escrow-payment/
../index.html?p=1530,https://www.uniscrow.com/beware-of-the-internet-escrow-scam/
../index.html?p=469,https://www.uniscrow.com/guilds-project-is-selected-for-funding-by-trublo-eu/
../index.html?p=1761,https://www.uniscrow.com/stablecoins-pioneering-the-future-of-ecommerce/
../index.html?p=1768,https://www.uniscrow.com/stablecoins-in-the-spotlight-visas-bold-move-shakes-the-crypto-world/
../financial-intermediares-should-segregate-customer-funds/index.html,https://www.uniscrow.com/financial-intermediares-should-segregate-customer-funds/
../home/connect-your-website-with-uniscrow-tools/index.html,https://www.uniscrow.com/home/connect-your-website-with-uniscrow-tools/
../why-use-an-escrow-account-the-benefits-and-safety-measures-explained/index.html,https://www.uniscrow.com/why-use-an-escrow-account-the-benefits-and-safety-measures-explained/
../uniscrow-privacy-policy/index.html,https://www.uniscrow.com/uniscrow-privacy-policy/
../contact/index.html,https://www.uniscrow.com/contact/
../the-guild-project-a-decentralized-trust-and-reputation-platform/index.html,https://www.uniscrow.com/the-guild-project-a-decentralized-trust-and-reputation-platform/
../about-us/index.html,https://www.uniscrow.com/about-us/
../guilds-project-is-selected-for-funding-by-trublo-eu/index.html,https://www.uniscrow.com/guilds-project-is-selected-for-funding-by-trublo-eu/
../the-cost-of-litigation-in-b2b/index.html,https://www.uniscrow.com/the-cost-of-litigation-in-b2b/
../welcome-our-new-co-founders/index.html,https://www.uniscrow.com/welcome-our-new-co-founders/
../whats-an-escrow-and-why-it-is-important-for-payments/index.html,https://www.uniscrow.com/whats-an-escrow-and-why-it-is-important-for-payments/
../stablecoins-pioneering-the-future-of-ecommerce/index.html,https://www.uniscrow.com/stablecoins-pioneering-the-future-of-ecommerce/
../uniscrow-listed-in-the-italian-registry-of-virtual-assets-service-providers/index.html,https://www.uniscrow.com/uniscrow-listed-in-the-italian-registry-of-virtual-assets-service-providers/
../author/fra-pirasgmail-com/index.html,https://www.uniscrow.com/author/fra-pirasgmail-com/
../author/davide-carboni/index.html,https://www.uniscrow.com/author/davide-carboni/
../author/beatrice-mastropietro/index.html,https://www.uniscrow.com/author/beatrice-mastropietro/
../author/sojy/index.html,https://www.uniscrow.com/author/sojy/
../author/sojy002gmail-com/index.html,https://www.uniscrow.com/author/sojy002gmail-com/
../navigating-the-cryptocurrency-era-the-role-of-escrow-logic-in-secure-stablecoin-transactions/index.html,https://www.uniscrow.com/navigating-the-cryptocurrency-era-the-role-of-escrow-logic-in-secure-stablecoin-transactions/
../escrow-services-and-blockchain-enhancing-fraud-protection-and-reducing-scams/index.html,https://www.uniscrow.com/escrow-services-and-blockchain-enhancing-fraud-protection-and-reducing-scams/
../beware-of-the-internet-escrow-scam/index.html,https://www.uniscrow.com/beware-of-the-internet-escrow-scam/
../mitigating-fraud-risks-with-kyc-and-blockchain-the-importance-of-escrow-in-high-risk-countries/index.html,https://www.uniscrow.com/mitigating-fraud-risks-with-kyc-and-blockchain-the-importance-of-escrow-in-high-risk-countries/
../blog/index.html,https://www.uniscrow.com/blog/
../blog/page/3/index.html,https://www.uniscrow.com/blog/page/3/
../blog/page/2/index.html,https://www.uniscrow.com/blog/page/2/
../blockchain-escrow-payment/index.html,https://www.uniscrow.com/blockchain-escrow-payment/
../uniscrows-smart-contract-passes-rigorous-security-audit-ensuring-safe-and-secure-escrow-transactions/index.html,https://www.uniscrow.com/uniscrows-smart-contract-passes-rigorous-security-audit-ensuring-safe-and-secure-escrow-transactions/
../whats-an-alternative-dispute-resolution-adr/index.html,https://www.uniscrow.com/whats-an-alternative-dispute-resolution-adr/
../terms-of-services-for-on-ramp-and-off-ramp-exchange/index.html,https://www.uniscrow.com/terms-of-services-for-on-ramp-and-off-ramp-exchange/
../understanding-escrow-the-ultimate-guide-to-secure-transactions-with-escrow-services/index.html,https://www.uniscrow.com/understanding-escrow-the-ultimate-guide-to-secure-transactions-with-escrow-services/
../alternative-dispute-resolution-in-uniscrow/index.html,https://www.uniscrow.com/alternative-dispute-resolution-in-uniscrow/
../smart-contracts-as-a-solution-to-protect-b2b-transactions-casa-sanremo-invest-interview/index.html,https://www.uniscrow.com/smart-contracts-as-a-solution-to-protect-b2b-transactions-casa-sanremo-invest-interview/
../stablecoins-in-the-spotlight-visas-bold-move-shakes-the-crypto-world/index.html,https://www.uniscrow.com/stablecoins-in-the-spotlight-visas-bold-move-shakes-the-crypto-world/
../terms-of-service/index.html,https://www.uniscrow.com/terms-of-service/
../distributed-autonomous-organizations-dao￼/index.html,https://www.uniscrow.com/distributed-autonomous-organizations-dao￼/
../navigating-smart-contracts-their-role-in-escrow-services-and-dispute-resolution/index.html,https://www.uniscrow.com/navigating-smart-contracts-their-role-in-escrow-services-and-dispute-resolution/
../stablecoin-use-cases-from-safe-haven-to-efficient-international-payments/index.html,https://www.uniscrow.com/stablecoin-use-cases-from-safe-haven-to-efficient-international-payments/
../frauds-and-bad-partnerships-are-affecting-the-growth-of-b2b-take-action-now/index.html,https://www.uniscrow.com/frauds-and-bad-partnerships-are-affecting-the-growth-of-b2b-take-action-now/
../key-industrial-sectors-where-escrow-is-most-crucial-a-deep-dive-into-blockchain-solutions/index.html,https://www.uniscrow.com/key-industrial-sectors-where-escrow-is-most-crucial-a-deep-dive-into-blockchain-solutions/
../escrow-services-for-online-business-deals/index.html,https://www.uniscrow.com/escrow-services-for-online-business-deals/
../media/index.html,https://www.uniscrow.com/media/
